{"theta0": 4659.244617553273, "theta1": -21.448963591702316, "scale": {"km_divisor": 1000.0, "mean_km_thousands": 101.06625000000001}}