{"theta0": 9014.975676121852, "theta1": -26.472244001738527, "scale": {"km_divisor": 1000.0, "mean_km_thousands": 101.06625000000001}}